{
  "project_info": {
    "project_number": "837028335708",
    "project_id": "errandia",
    "storage_bucket": "errandia.appspot.com"
  },
  "client": [
    {
      "client_info": {
        "mobilesdk_app_id": "1:837028335708:android:a0e7edb358cdc8e0175699",
        "android_client_info": {
          "package_name": "com.example.errandia"
        }
      },
      "oauth_client": [],
      "api_key": [
        {
          "current_key": "AIzaSyDdmIiZlIr4hNTWV2_2vOndHDbkOxvrxEg"
        }
      ],
      "services": {
        "appinvite_service": {
          "other_platform_oauth_client": []
        }
      }
    }
  ],
  "configuration_version": "1"
}