{
  "project_info": {
    "project_number": "446438561029",
    "project_id": "errandia-36e86",
    "storage_bucket": "errandia-36e86.appspot.com"
  },
  "client": [
    {
      "client_info": {
        "mobilesdk_app_id": "1:446438561029:android:a7914070bb82f985d1136c",
        "android_client_info": {
          "package_name": "com.example.errandia"
        }
      },
      "oauth_client": [],
      "api_key": [
        {
          "current_key": "AIzaSyBInQoL2ELQirobfj7O24h9qO9BSyuSUdQ"
        }
      ],
      "services": {
        "appinvite_service": {
          "other_platform_oauth_client": []
        }
      }
    }
  ],
  "configuration_version": "1"
}